time,x,y
0.0,0.0,1.0
0.04004004004004004,0.07993494657845189,0.994571957141712
0.08008008008008008,0.15899086374640167,0.9782421928119052
0.12012012012012012,0.2362464465332806,0.9508724905314225
0.16016016016016016,0.31069081075714033,0.91222814536768
0.20020020020020018,0.3811648377687376,0.8619716394554117
0.24024024024024024,0.44628224501674824,0.7996544309098377
0.2802802802802803,0.5043156933730358,0.7247085984902999
0.3203203203203203,0.5530223379302409,0.6364430102073413
0.36036036036036034,0.5893604176112411,0.5340568818871859
0.40040040040040037,0.6089985501757685,0.4167069521702825
0.44044044044044045,0.6054001836384251,0.2837374236252892
0.4804804804804805,0.5679495146825561,0.13544300746664648
0.5205205205205206,0.4776459645885746,-0.024124800621349522
0.5605605605605606,0.2960952798394709,-0.17402918670567602
0.6006006006006006,-0.040537154797942315,-0.18488306397553328
0.6406406406406406,-0.14041398670840233,0.19588825522118303
0.6806806806806807,0.0815034072310958,0.38716683073772473
0.7207207207207207,0.2900863285255188,0.4303123120057757
0.7607607607607607,0.459709399157554,0.4104530934933343
0.8008008008008007,0.5951469002778678,0.35888582766571664
0.8408408408408409,0.7022661126442445,0.2898137049354068
0.8808808808808809,0.785695371491794,0.2107669961459508
0.9209209209209209,0.8489205840053926,0.12619366494872997
0.960960960960961,0.8945807328966002,0.03894552561840328
1.001001001001001,0.9247039538241503,-0.049019809946443095
1.0410410410410411,0.9408736639829045,-0.13627281954522785
1.0810810810810811,0.9443435257717291,-0.22170527576565666
1.1211211211211212,0.9361178768864553,-0.3044049740987395
1.1611611611611612,0.9170091531645721,-0.38357443589197127
1.2012012012012012,0.8876799499131367,-0.4584739837328992
1.2412412412412412,0.8486748497122971,-0.5283781019784854
1.2812812812812813,0.8004456204495984,-0.5925381703390857
1.3213213213213213,0.7433725531414077,-0.6501466307343032
1.3613613613613613,0.6777844236403675,-0.7002983164156669
1.4014014014014013,0.6039798233057467,-0.741944361076786
1.4414414414414414,0.5222536098333523,-0.7738327738362062
1.4814814814814814,0.4329345586875849,-0.7944269454565352
1.5215215215215214,0.3364452571727658,-0.8017880181501513
1.5615615615615615,0.23340617366238808,-0.793396937669402
1.6016016016016015,0.12483104831099338,-0.7658721275309326
1.6416416416416417,0.012524726622561875,-0.7144979320007612
1.6816816816816818,-0.10002360931118082,-0.632391819968249
1.7217217217217218,-0.20535450112540587,-0.5089572463177665
1.7617617617617618,-0.28496434903882656,-0.32708853350313405
1.8018018018018018,-0.280087776875921,-0.06289948011809372
1.8418418418418419,0.01880578133405697,0.1680583257804419
1.8818818818818819,0.285347206843319,-0.08956267417520895
1.921921921921922,0.27600689184047217,-0.34700564833292025
1.961961961961962,0.19088945614840247,-0.5225772088774434
2.002002002002002,0.08295943414804641,-0.6409733346123384
2.042042042042042,-0.030837988999423093,-0.7189272696182162
2.0820820820820822,-0.143625506875331,-0.7667759543593045
2.1221221221221223,-0.25218351259680505,-0.791243845262163
2.1621621621621623,-0.35485111917938383,-0.7969477040661602
2.2022022022022023,-0.4506995331901295,-0.7872047229391042
2.2422422422422423,-0.5391621700573318,-0.7644906688905707
2.2822822822822824,-0.6198524742747233,-0.7307147273994672
2.3223223223223224,-0.6924666985834579,-0.687393120859498
2.3623623623623624,-0.7567278055204124,-0.6357641586309506
2.4024024024024024,-0.8123500420026043,-0.576868183511934
2.4424424424424425,-0.8590138413577131,-0.5116061000353169
2.4824824824824825,-0.8963453335897503,-0.44078501504532763
2.5225225225225225,-0.9238968961344975,-0.3651568207031043
2.5625625625625625,-0.9411261079620353,-0.28545427620173264
2.6026026026026026,-0.9473706789326647,-0.20242891034210675
2.6426426426426426,-0.9418166100454263,-0.11689582206402745
2.6826826826826826,-0.9234559968831846,-0.02979255577020028
2.7227227227227226,-0.8910293492022678,0.057736367613904514
2.7627627627627627,-0.8429448388839444,0.14420857533840878
2.8028028028028027,-0.7771631310430175,0.22758700807813237
2.8428428428428427,-0.6910319394220659,0.3048944351464279
2.8828828828828827,-0.5810544874220808,0.37147070323984577
2.9229229229229228,-0.4426151707768272,0.41938979146835376
2.962962962962963,-0.2699868177281132,0.4335998938680387
3.003003003003003,-0.059319000834177744,0.3805810146206888
3.043043043043043,0.15515919365677536,0.16870161582824403
3.083083083083083,0.008595242110248843,-0.19836515826794138
3.123123123123123,-0.3164247923507644,-0.1602093772032861
3.163163163163163,-0.4869773286803643,-0.005419867301382873
3.203203203203203,-0.5701752762880166,0.15481366713434522
3.2432432432432434,-0.6025688954031083,0.3024876035831999
3.2832832832832834,-0.6023273383536188,0.43429379419202047
3.3233233233233235,-0.5796607276419159,0.5502019917153146
3.3633633633633635,-0.5408838583974944,0.6509844124974399
3.4034034034034035,-0.490195804736239,0.7375437176342727
3.4434434434434436,-0.43055418790015765,0.8107145390225757
3.4834834834834836,-0.3641458877300716,0.8712090886280733
3.5235235235235236,-0.2926599644280024,0.9196094367282532
3.5635635635635636,-0.21745624373726433,0.9563742890938159
3.6036036036036037,-0.1396757661256215,0.981848967267372
3.6436436436436437,-0.06031769640097949,0.996274562484544
3.6836836836836837,0.01970324179695299,0.9997948899455751
3.7237237237237237,0.0995100617037681,0.99246084462284
3.7637637637637638,0.17822143872509852,0.9742320963346068
3.803803803803804,0.2549092353444136,0.9449761677773748
3.843843843843844,0.32855051778049704,0.9044650015969261
3.883883883883884,0.3979676909881358,0.8523692835969986
3.923923923923924,0.4617474418814383,0.7882512669655896
3.963963963963964,0.518123329899145,0.7115581363116495
4.004004004004004,0.5647952673317053,0.6216213579859446
4.044044044044044,0.5986352322738923,0.5176765625589229
4.084084084084084,0.615175764452844,0.39894460271614185
4.124124124124124,0.6076512283871297,0.2648959250363226
4.1641641641641645,0.5650243965825941,0.11611417842071572
4.2042042042042045,0.46742642018349456,-0.04252587177075078
4.2442442442442445,0.2745718044047419,-0.18675425255292322
4.2842842842842845,-0.07115452487907567,-0.16681250534131686
4.324324324324325,-0.12364208083310009,0.22074273144413398
4.364364364364365,0.10367833616763256,0.3924506544788257
4.404404404404405,0.30989358732115485,0.42622537962628787
4.444444444444445,0.47642946613631987,0.400961343193183
4.484484484484485,0.608829700028119,0.3458955984350643
4.524524524524525,0.713072495853021,0.27443418139989006
4.564564564564565,0.7937905651921336,0.19373162077576822
4.604604604604605,0.8544558030310819,0.10803289205024272
4.644644644644645,0.8976924564581709,0.020069174356176278
4.684684684684685,0.9255167170062251,-0.06827864478920173
4.724724724724725,0.9395031701019515,-0.15563222846160926
4.764764764764765,0.9408994094022978,-0.24091857757802826
4.804804804804805,0.9307060748617094,-0.32325010119777053
4.844844844844845,0.9097339904753831,-0.40184643981831925
4.884884884884885,0.8786460735777806,-0.47597941100263247
4.924924924924925,0.8379891481032309,-0.5449304809547787
4.964964964964965,0.7882192738097432,-0.6079541053282074
5.005005005005005,0.7297233889663878,-0.6642421251479151
5.045045045045045,0.6628398076671734,-0.7128849914731572
5.085085085085085,0.587880423294598,-0.7528252162343199
5.125125125125125,0.5051585732218952,-0.7827970342587883
5.165165165165165,0.4150290195185129,-0.8012433425398562
5.205205205205205,0.31795184483146305,-0.8061954651055874
5.245245245245245,0.21460371509424847,-0.7950908312499609
5.285285285285285,0.10608727823101645,-0.7644830925458338
5.325325325325325,-0.005641238313937931,-0.7095570525639726
5.365365365365365,-0.11680725025318632,-0.6232712561518997
5.405405405405405,-0.21932855015192373,-0.49477055565235517
5.445445445445445,-0.2930066642629576,-0.30660420841310504
5.485485485485485,-0.2726327689668849,-0.03617730123263782
5.525525525525525,0.05563856040291027,0.16221245448136398
5.565565565565565,0.2885190780088292,-0.11582494316572856
5.605605605605605,0.26621317751714896,-0.3662048602711299
5.645645645645645,0.1760034976997201,-0.5355348031857592
5.685685685685685,0.0656776837701222,-0.6489508165399273
5.7257257257257255,-0.04924286609947625,-0.7227998918513373
5.7657657657657655,-0.1624220320392091,-0.7671630281576581
5.8058058058058055,-0.270893683790885,-0.7886097677027162
5.8458458458458455,-0.37313338165015825,-0.7916599471654626
5.885885885885886,-0.46829332640366367,-0.7795675808469831
5.925925925925926,-0.5558585465539613,-0.7547659141788029
5.965965965965966,-0.6354771329755649,-0.7191349724184432
6.006006006006006,-0.706869480990368,-0.6741709557358002
6.046046046046046,-0.7697757965631028,-0.621098773844372
6.086086086086086,-0.823922790037271,-0.5609504837940553
6.126126126126126,-0.8689998711815473,-0.494622947203555
6.166166166166166,-0.904639463354343,-0.4229230449361142
6.206206206206206,-0.9303980496293377,-0.34660619079981797
6.246246246246246,-0.9457354123531792,-0.2664126853040377
6.286286286286286,-0.9499896921521618,-0.18310628449754732
6.326326326326326,-0.9423455502242094,-0.09752020073036785
6.366366366366366,-0.92179186163465,-0.01061799213449433
6.406406406406406,-0.8870638324503795,0.07641853714879099
6.446446446446447,-0.8365620211529738,0.16205266848470914
6.486486486486487,-0.7682371700803836,0.24416546245667778
6.526526526526527,-0.6794259046301876,0.31965000607842114
6.566566566566567,-0.5666249611212558,0.38362569589121
6.606606606606607,-0.42524203329402266,0.4277525246063886
6.646646646646647,-0.24972439758104067,0.4360820259405555
6.686686686686687,-0.03732270681845196,0.37271467259857755
6.726726726726727,0.16733333876031814,0.139457447785565
6.766766766766767,-0.023623612866362567,-0.20742874946930803
6.806806806806807,-0.33542812778938086,-0.1454910454084909
6.846846846846847,-0.49536023765663034,0.013466654277584658
6.886886886886887,-0.5716709091866135,0.1741318387158264
6.926926926926927,-0.599143382961419,0.3210703912096897
6.966966966966967,-0.5951584257163757,0.45164292791580607
7.007007007007007,-0.569538986664299,0.5660608047488278
7.047047047047047,-0.5283868929333383,0.6652036370244989
7.087087087087087,-0.47577352668983286,0.7500292690449418
7.127127127127127,-0.41457499646041285,0.8214039696213663
7.167167167167167,-0.346923821054155,0.8800597676885303
7.207207207207207,-0.27447181401049564,0.9265921296767511
7.247247247247247,-0.1985530372114482,0.9614694717133615
7.287287287287287,-0.12029095370618663,0.9850446461109829
7.327327327327327,-0.04067337282361189,0.9975649950223109
7.367367367367367,0.039391263345139045,0.9991798965025561
7.407407407407407,0.1190277692932418,0.9899455602336403
7.4474474474474475,0.19735230465756665,0.9698271052434511
7.4874874874874875,0.27342966310470906,0.9386980369025097
7.5275275275275275,0.34622461434832336,0.8963373069829342
7.5675675675675675,0.4145407709308828,0.8424243340316929
7.607607607607608,0.4769373711594919,0.77653292722026
7.647647647647648,0.5316082660555544,0.6981264993197851
7.687687687687688,0.5761951767130093,0.6065608400031653
7.727727727727728,0.6074822120207184,0.5011108330621142
7.767767767767768,0.6208629021441797,0.3810665321403861
7.807807807807808,0.6093366642857214,0.24603502834013896
7.847847847847848,0.5614318560301311,0.09691463034635693
7.887887887887888,0.4563808807889702,-0.0605119800472268
7.927927927927928,0.25199419768970555,-0.19820516626940304
7.967967967967968,-0.09933081710233407,-0.14427552202519553
8.008008008008009,-0.10534393937432353,0.2431568241715797
8.048048048048049,0.1256863533017293,0.39645077411638974
8.088088088088089,0.32931017007929064,0.42136245079688023
8.128128128128129,0.49270389237140017,0.39094219318007456
8.168168168168169,0.6220488921850734,0.3325298432811102
8.208208208208209,0.7234098590793502,0.2587863028424896
8.248248248248249,0.8014173522138225,0.1765109710048961
8.288288288288289,0.8595270623606657,0.08975543056479678
8.328328328328329,0.9003476433525838,0.0011352457517619218
8.368368368368369,0.92588297650662,-0.08754256040784544
8.408408408408409,0.9376986599065857,-0.17494909686407983
8.448448448448449,0.9370361691190007,-0.26004548297982805
8.488488488488489,0.9248924616963622,-0.3419680072199352
8.528528528528529,0.902076813313325,-0.41995293238315856
8.568568568568569,0.8692525710900677,-0.49328323131829616
8.608608608608609,0.8269689548784058,-0.5612471215273636
8.64864864864865,0.7756865260626028,-0.6231019837792907
8.68868868868869,0.7157991493032906,-0.6780389692105847
8.72872872872873,0.6476550485072899,-0.7251441084181576
8.76876876876877,0.5715799221723403,-0.7633512954577916
8.80880880880881,0.4879062829662264,-0.7913810345144239
8.84884884884885,0.39701587230833124,-0.8076558117208357
8.88888888888889,0.29940773188162756,-0.8101772543387422
8.92892892892893,0.1958170367226992,-0.7963394338755743
8.96896896896897,0.08743923972964403,-0.7626314356788717
9.00900900900901,-0.023610767614660997,-0.704138838804742
9.04904904904905,-0.13325740052613352,-0.6136621306590632
9.08908908908909,-0.2327551982978877,-0.48009221091266696
9.12912912912913,-0.30007112025790034,-0.28567288261637774
9.16916916916917,-0.26289197302454237,-0.009708963195920373
9.20920920920921,0.09038402213865199,0.15105506307609015
9.24924924924925,0.2897662522603808,-0.14146001040848472
9.28928928928929,0.2556672431224181,-0.38460073322978167
9.32932932932933,0.16076133469770595,-0.5477779532472792
9.36936936936937,0.04823419640742868,-0.6562904549973887
9.40940940940941,-0.06768985976150381,-0.7260942511250316
9.44944944944945,-0.18117645891703485,-0.7670206757967447
9.48948948948949,-0.28949726380444635,-0.785488739256135
9.52952952952953,-0.3912569342250239,-0.7859240146857701
9.56956956956957,-0.48568480527346214,-0.7715189767877229
9.60960960960961,-0.5723153181332481,-0.7446653999836408
9.64964964964965,-0.6508298817727333,-0.7072148567849031
9.68968968968969,-0.7209722030211511,-0.6606440284064351
9.72972972972973,-0.7824992049342598,-0.6061648058737763
9.76976976976977,-0.8351497351319055,-0.5448012703752741
9.80980980980981,-0.8786219954848947,-0.4774465137790491
9.84984984984985,-0.9125546280166401,-0.404907453039108
9.88988988988989,-0.9365082401641638,-0.32794329713572407
9.92992992992993,-0.9499449258349718,-0.2473021958745297
9.96996996996997,-0.952203460399022,-0.16376050354138547
10.01001001001001,-0.9424674835095459,-0.07817001952503828
10.05005005005005,-0.9197231181770975,0.008479043264431604
10.09009009009009,-0.8827009489790978,0.09496668648061385
10.13013013013013,-0.8297949373016952,0.17970046670065976
10.17017017017017,-0.7589474925563618,0.2604773273417588
10.21021021021021,-0.6674868435649218,0.334056742739807
10.25025025025025,-0.55190842262145,0.39532996934570885
10.29029029029029,-0.4076553753450455,0.43552576346507205
10.33033033033033,-0.22938819479534522,0.4377525409387131
10.37037037037037,-0.015660272070862704,0.36357824255934673
10.41041041041041,0.1764385824573241,0.10846411270000138
10.45045045045045,-0.055371573118941864,-0.2124877267598948
10.49049049049049,-0.35306833146242067,-0.13004088764399643
10.53053053053053,-0.5027840388264154,0.032446405253426694
10.57057057057057,-0.5724354816303344,0.19333312674593744
10.61061061061061,-0.5951291363910688,0.33943452895769916
10.65065065065065,-0.5875016787107767,0.4687123403688707
10.69069069069069,-0.5590080508318198,0.5815985420141355
10.73073073073073,-0.515546338442306,0.6790718758896205
10.77077077077077,-0.4610651338886167,0.7621415432621631
10.81081081081081,-0.3983618536351057,0.8317034727360875
10.85085085085085,-0.3295163853170743,0.8885084111197145
10.89089089089089,-0.25614441319200604,0.9331645855903004
10.93093093093093,-0.17955499128403732,0.9661497561860503
10.97097097097097,-0.10085453923432583,0.9878241104345049
11.01101101101101,-0.02101990266742582,0.9984411671832537
11.05105105105105,0.05904645683243164,0.9981558895818067
11.09109109109109,0.138470909124887,0.9870299106093918
11.13113113113113,0.21636688280217825,0.9650339953688326
11.17117117117117,0.29179190173439246,0.9320479294497782
11.21121121121121,0.3636982248816074,0.8878580973877588
11.25125125125125,0.4308704201640157,0.8321532453850844
11.29129129129129,0.4918399601232151,0.7645195679634984
11.33133133133133,0.544760511561321,0.6844379273565836
11.37137137137137,0.5872148549905354,0.5912902950441483
11.411411411411411,0.6158979543165374,0.484393807229995
11.451451451451451,0.6260619249749507,0.36311308014322774
11.491491491491491,0.6104662838445244,0.22720276561487623
11.531531531531531,0.5571937560910435,0.07790286055757344
11.571571571571571,0.4445520514286775,-0.07800575729827758
11.611611611611611,0.22847060537450872,-0.2082332746358597
11.651651651651651,-0.1240309226041729,-0.11769440900199765
11.691691691691691,-0.08592912058364559,0.2631661253129316
11.731731731731731,0.14742674033198266,0.39921994014817164
11.771771771771771,0.3482801272083435,0.41575883505653316
11.811811811811811,0.508493873279519,0.3804257055531301
11.851851851851851,0.6347759418865205,0.31881625657062096
11.891891891891891,0.7332569725229257,0.24289613765569454
11.931931931931931,0.8085601301576517,0.15912969744517239
11.971971971971971,0.8641233018162787,0.07138457670862189
12.012012012012011,0.9025390225992953,-0.017834297572716668
12.052052052052051,0.9257987060993838,-0.10679092033375803
12.092092092092091,0.935458949027616,-0.1942041146011396
12.132132132132131,0.9327551606793647,-0.2790680163032641
12.172172172172171,0.918680706765584,-0.36054207002994343
12.212212212212211,0.8940434362383632,-0.43787867756118554
12.252252252252251,0.8595072796595676,-0.5103716450023144
12.292292292292291,0.8156240446665697,-0.5773157330419759
12.332332332332332,0.7628590352450817,-0.6379711245844688
12.372372372372372,0.7016133485778255,-0.6915282267503391
12.412412412412412,0.6322455141694191,-0.737068655599929
12.452452452452452,0.555095558830642,-0.77351775048506
12.492492492492492,0.470515881776851,-0.7995824077563651
12.532532532532532,0.37891620601213066,-0.8136648928884926
12.572572572572572,0.2808360077965202,-0.8137374098003938
12.612612612612612,0.17707128045265497,-0.7971510554862499
12.652652652652652,0.06891417582099015,-0.7603309043601616
12.692692692692692,-0.041354463847993704,-0.698264211886063
12.732732732732732,-0.14934234337288,-0.6035953796849896
12.772772772772772,-0.24559935790271079,-0.46496866475920196
12.812812812812812,-0.30611176006402796,-0.26437338322287646
12.852852852852854,-0.2507798856556239,0.016227939466943345
12.892892892892894,0.1221488030883568,0.135437614867327
12.932932932932934,0.2892696513324048,-0.16634507732731157
12.972972972972974,0.24444363477834477,-0.40216467329066213
13.013013013013014,0.14521080266942973,-0.5592925310895948
13.053053053053054,0.03066617289463885,-0.6629848793260524
13.093093093093094,-0.0861477742187967,-0.7288075440991446
13.133133133133134,-0.19986177041604647,-0.7663495473328991
13.173173173173174,-0.30797051724783253,-0.7818841563046878
13.213213213213214,-0.4092008137859415,-0.7797455595415929
13.253253253253254,-0.5028554629591679,-0.7630664655322065
13.293293293293294,-0.5885162302956651,-0.7341983183828678
13.333333333333334,-0.6658965880142416,-0.6949650077814321
13.373373373373374,-0.7347627770246369,-0.6468242432657073
13.413413413413414,-0.7948879540821052,-0.5909753092974502
13.453453453453454,-0.846022815465805,-0.5284346425997571
13.493493493493494,-0.887874206185616,-0.4600918523065008
13.533533533533534,-0.9200869476389053,-0.38675416102881516
13.573573573573574,-0.9422258284067867,-0.3091848475171924
13.613613613613614,-0.953755404893921,-0.22814021333845208
13.653653653653654,-0.9540153416383111,-0.1444095686578933
13.693693693693694,-0.942188637117306,-0.05886375067327102
13.733733733733734,-0.9172592097386948,0.02747977234476858
13.773773773773774,-0.8779538113868556,0.11336195311269567
13.813813813813814,-0.822660970510877,0.19713333576165937
13.853853853853854,-0.749316569348022,0.2765046579335588
13.893893893893894,-0.6552434781606419,0.3480980791952183
13.933933933933934,-0.5369416208241734,0.40656940377647766
13.973973973973974,-0.389903083633759,0.4426994876459942
14.014014014014014,-0.20904460967093225,0.4386078571123009
14.054054054054054,0.005549056541364878,0.3531785154035566
14.094094094094094,0.18200995121210023,0.07610908201747929
14.134134134134134,-0.08614965728123816,-0.21403741591990935
14.174174174174174,-0.36935717455746486,-0.11399730644226368
14.214214214214214,-0.5092627833393727,0.05145509924469183
14.254254254254255,-0.5724822725059039,0.21237404693681616
14.294294294294295,-0.5905400062127402,0.35754657604836537
14.334334334334335,-0.5793717863561678,0.48547505192251394
14.374374374374375,-0.5480833557700707,0.5967930368886688
14.414414414414415,-0.5023781989706992,0.6925708492790718
14.454454454454455,-0.4460870184785744,0.7738655544946129
14.494494494494495,-0.3819313771811534,0.8416009470554937
14.534534534534535,-0.3119402810901558,0.8965455047025364
14.574574574574575,-0.2376944206080262,0.9393196542415299
14.614614614614615,-0.16047861052983564,0.9704101860587317
14.654654654654655,-0.08138276761449421,0.9901844682009525
14.694694694694695,-0.0013731701861625536,0.9989021539585753
14.734734734734735,0.078653398167554,0.9967238396753572
14.774774774774775,0.15782462226235466,0.9837167128152962
14.814814814814815,0.23525099544537434,0.9598574017379823
14.854854854854855,0.30998258076041707,0.925032289232736
14.894894894894895,0.38095893403140113,0.879035635820733
14.934934934934935,0.44694535798610735,0.8215661304385912
14.974974974974975,0.5064452636958249,0.75222323019888
15.015015015015015,0.5575717197767093,0.6705065066792345
15.055055055055055,0.5978479072840627,0.5758260229851587
15.095095095095095,0.6238784834328137,0.467544288169742
15.135135135135135,0.6307719410318997,0.34510604406199025
15.175175175175175,0.6110432801793746,0.20842490791093127
15.215215215215215,0.5523190264480331,0.059111159056621586
15.255255255255255,0.43195859437180795,-0.09495858629546083
15.295295295295295,0.2040714388231009,-0.2167083090727138
15.335335335335335,-0.14440894095870513,-0.08775946140839175
15.375375375375375,-0.06570598770378475,0.2808942737950859
15.415415415415415,0.16884898179219726,0.400829303945981
15.455455455455455,0.3667838227604939,0.40945408089767216
15.495495495495495,0.523788298545298,0.3694398424094184
15.535535535535535,0.64700376920826,0.3047773667725747
15.575575575575575,0.7426093168187056,0.2267831066641434
15.615615615615615,0.8152162736116632,0.14160515055977535
15.655655655655655,0.8682434120443286,0.052936131113937204
15.695695695695695,0.9042667523458852,-0.0368249222520381
15.735735735735735,0.925265150521765,-0.1260102954667885
15.775775775775776,0.932786227731877,-0.2133848607320272
15.815815815815816,0.9280594042529303,-0.29797470758557126
15.855855855855856,0.9120745616746885,-0.3789617374300881
15.895895895895896,0.8856382559092024,-0.4556140244151351
15.935935935935936,0.8494151634546567,-0.5272358971109514
15.975975975975976,0.8039598783937829,-0.5931284593888956
16.016016016016017,0.7497426933999528,-0.652554580409126
16.056056056056057,0.687172248789654,-0.7047038753370474
16.096096096096097,0.6166177798834849,-0.7486535577403124
16.136136136136138,0.5384341703037505,-0.7833204822612664
16.176176176176178,0.45299442481815655,-0.8073980687558985
16.216216216216218,0.36073726268034934,-0.8192685643036626
16.256256256256258,0.26224409630697704,-0.816875040269157
16.296296296296298,0.1583740921399354,-0.7975260342619995
16.336336336336338,0.05052010378148643,-0.7575832228148717
16.376376376376378,-0.058863530028962024,-0.6919365692060995
16.416416416416418,-0.1650513671710451,-0.5930767249889609
16.456456456456458,-0.2578447053598778,-0.4494100818265023
16.496496496496498,-0.3110907878554267,-0.24273301836963385
16.536536536536538,-0.23619139950470447,0.041392648662876126
16.576576576576578,0.15048009508276802,0.11628324901923878
16.616616616616618,0.28720400252510686,-0.1904487947048439
16.656656656656658,0.23259904173587495,-0.4189171209638292
16.696696696696698,0.12937844525792783,-0.570096566405252
16.736736736736738,0.012989145166306492,-0.6690484004275378
16.776776776776778,-0.1046061968754613,-0.7309514039676296
16.816816816816818,-0.21847033882922023,-0.7651594007643941
16.856856856856858,-0.32630751116966605,-0.7778044171240958
16.896896896896898,-0.42696021096942754,-0.773131947533272
16.936936936936938,-0.51980128699028,-0.754216589741392
16.976976976976978,-0.604457865671968,-0.723370523066392
17.017017017017018,-0.680674295021176,-0.682390674818437
17.057057057057058,-0.7482386098344633,-0.6327162965862643
17.097097097097098,-0.8069397372403256,-0.575534455258486
17.137137137137138,-0.8565399432739893,-0.5118542583654951
17.177177177177178,-0.896754569951159,-0.4425621083621973
17.217217217217218,-0.9272345767423531,-0.3684657961524691
17.25725725725726,-0.9475489840768051,-0.29033294172399365
17.2972972972973,-0.9571649522348736,-0.2089283016014935
17.33733733733734,-0.9554232762980254,-0.12505450537766813
17.37737737737738,-0.9415066774607599,-0.03960189142060076
17.41741741741742,-0.9143973969459858,0.04638419288242325
17.45745745745746,-0.8728191199119165,0.1316047560994795
17.4974974974975,-0.815156083508483,0.21435197096744038
17.53753753753754,-0.7393394364262166,0.29224815035256324
17.57757757757758,-0.6426897608170463,0.3617741829939807
17.61761761761762,-0.5217174633191839,0.417342567801367
17.65765765765766,-0.3719779281419891,0.44926826623717775
17.6976976976977,-0.18869161402263449,0.43863223560474945
17.73773773773774,0.02626154976658552,0.3414723431603194
17.77777777777778,0.18362719235175018,0.04276292571438267
17.81781781781782,-0.1157488477454247,-0.2125670542694873
17.85785785785786,-0.3843823929948334,-0.09743350334784498
17.8978978978979,-0.5148478529562887,0.07048664990976325
17.93793793793794,-0.5718425500315182,0.23126215518640905
17.97797797797798,-0.5853963848128096,0.3754171862223116
18.01801801801802,-0.5707827158184164,0.5019419118651396
18.05805805805806,-0.5367748153735585,0.6116544268161533
18.0980980980981,-0.48888971866656095,0.7057097221826611
18.13813813813814,-0.430844616104198,0.7852094746498945
18.17817817817818,-0.36528775708202565,0.8511036424279639
18.21821821821822,-0.2941988336228593,0.9041774811398813
18.25825825825826,-0.2191245590444602,0.9450630662165713
18.2982982982983,-0.14132619839177293,0.9742559044810923
18.33833833833834,-0.061877652633947094,0.9921303841119523
18.37837837837838,0.018265011825577566,0.9989522445210006
18.41841841841842,0.09821041832763323,0.9948877579199217
18.45845845845846,0.17708734726759723,0.9800097929316037
18.4984984984985,0.25400316915764665,0.9543010559833464
18.53853853853854,0.3280003136704625,0.9176548441733585
18.57857857857858,0.39800545250941743,0.8698737413854248
18.61861861861862,0.46276441286348874,0.810667004576292
18.65865865865866,0.5207522766358402,0.7396482281593785
18.6986986986987,0.5700411126121748,0.6563369789083462
18.73873873873874,0.6080938514368961,0.5601733817995326
18.77877877877878,0.6314237067984594,0.45056852618979104
18.81881881881882,0.6349933605626537,0.3270530701616027
18.85885885885886,0.611068693014031,0.18971158738882857
18.8988988988989,0.5468095197748581,0.0405551451124694
18.93893893893894,0.41860467820508523,-0.11133738034972739
18.97897897897898,0.1788502327823971,-0.2235006686693814
19.01901901901902,-0.15987978653632587,-0.05537387298369796
19.05905905905906,-0.0449007349767826,0.2964957583913653
19.0990990990991,0.18993375290694922,0.4013511633477518
19.13913913913914,0.3848234500800473,0.4024842063560946
19.17917917917918,0.5385928731369409,0.3580064864502215
19.21921921921922,0.6587385393760233,0.29042833226321335
19.25925925925926,0.7514728953021749,0.21045871414162542
19.2992992992993,0.8213915528721333,0.12394666542951893
19.33933933933934,0.8718930035873271,0.034418054276230854
19.37937937937938,0.9055363921167483,-0.05582958902280843
19.41941941941942,0.9242879304299205,-0.1451943022473335
19.45945945945946,0.9296862837722685,-0.23248545295148557
19.4994994994995,0.922954952319674,-0.31676009287536466
19.53953953953954,0.90508043335962,-0.39722193030282843
19.57957957957958,0.8768681164732788,-0.4731542815687595
19.61961961961962,0.8389835808015548,-0.5438717165086907
19.65965965965966,0.7919844007243778,-0.6086815086836289
19.6996996996997,0.7363460999827549,-0.6668491230234851
19.73973973973974,0.6724851696314963,-0.7175633617168594
19.77977977977978,0.6007819486460272,-0.7598970786301448
19.81981981981982,0.5216067041226309,-0.7927587510915503
19.85985985985986,0.43535376405790166,-0.814828501806118
19.8998998998999,0.3424918591731731,-0.8244688261343437
19.93993993993994,0.24364583938520956,-0.819594045950973
19.97997997997998,0.13974040858215608,-0.797470690728459
20.02002002002002,0.03227315175668894,-0.7543978715088547
20.06006006006006,-0.07612045539669161,-0.6851696778264996
20.1001001001001,-0.18036501715035036,-0.582126156048601
20.14014014014014,-0.269467603066181,-0.433446960187905
20.18018018018018,-0.3149684656463417,-0.2208104513471129
20.22022022022022,-0.21906452461712894,0.06546396491023954
20.26026026026026,0.1751660938298356,0.09450645736452964
20.3003003003003,0.2837219024138051,-0.2137241150542664
20.34034034034034,0.22019232260394403,-0.43485890256039433
20.38038038038038,0.11329851778580242,-0.5801946466114656
20.42042042042042,-0.004772285639156739,-0.6744865369297323
20.46046046046046,-0.1230455373546726,-0.7325320851394516
20.5005005005005,-0.23698571652598877,-0.7634572552271768
20.54054054054054,-0.34449405569949926,-0.773257334944224
20.58058058058058,-0.4445227317579063,-0.7660918006990686
20.62062062062062,-0.5365114283234298,-0.7449787854519145
20.66066066066066,-0.6201307881908614,-0.7121922638669288
20.7007007007007,-0.6951549222660925,-0.6695029178456116
20.74074074074074,-0.7613929707453108,-0.6183320517719465
20.78078078078078,-0.8186492076524955,-0.5598549003930386
20.82082082082082,-0.8666972236709446,-0.49507355261799596
20.86086086086086,-0.9052607432353378,-0.42487147379897633
20.9009009009009,-0.9339968545454385,-0.35005727675455106
20.94094094094094,-0.9524788953199348,-0.2714031817502328
20.98098098098098,-0.9601768109655621,-0.18968268635302263
21.02102102102102,-0.9564328165697243,-0.10571207855951456
21.06106106106106,-0.9404297799552888,-0.020401626662129923
21.1011011011011,-0.9111488709958265,0.06517486642022757
21.14114114114114,-0.867311579226837,0.1496776452972063
21.18118118118118,-0.8072991409627521,0.23133926084222026
21.22122122122122,-0.7290399861414472,0.30769155332708653
21.26126126126126,-0.6298558315898254,0.37507046521566706
21.3013013013013,-0.5062741962490565,0.4276377980807727
21.34134134134134,-0.35392954984886327,0.4552253917474462
21.38138138138138,-0.16839840407009388,0.4378271112423122
21.42142142142142,0.04634598312848421,0.32847820338095485
21.46146146146146,0.18092243981338293,0.009101546570447016
21.5015015015015,-0.1439282598913393,-0.20850961364268053
21.54154154154154,-0.39815827887319766,-0.08046334108391334
21.58158158158158,-0.5195531323104253,0.08948270754593807
21.62162162162162,-0.5705299022903352,0.24995659108415505
21.66166166166166,-0.5797125817019863,0.39301457916271876
21.7017017017017,-0.5617496155778067,0.5180872159543496
21.74174174174174,-0.5250982728003811,0.6261616294673471
21.78178178178178,-0.47509724074654697,0.7184711876604447
21.82182182182182,-0.41535458555894006,0.7961592178628957
21.86186186186186,-0.3484478057570412,0.8602003048138683
21.9019019019019,-0.27630886784503117,0.9113956323492721
21.94194194194194,-0.20045154318109903,0.9503884430043574
21.98198198198198,-0.12211424875655415,0.9776826962627233
22.02202202202202,-0.04235536207994472,0.9936596794044191
22.06206206206206,0.037878902530381266,0.9985911999297056
22.1021021021021,0.11770230365358578,0.9926492735236664
22.14214214214214,0.19624450557023707,0.9759125983220681
22.18218218218218,0.27260957885797654,0.94837019292865
22.22222222222222,0.3458321595948976,0.9099226043441344
22.26226226226226,0.41482587826776635,0.8603812054176204
22.3023023023023,0.47831690761081447,0.7994664671484562
22.34234234234234,0.5347517641601263,0.7268070388598667
22.38238238238238,0.5821611776172175,0.6419438077743771
22.42242242242242,0.6179472741470537,0.544348981481538
22.46246246246246,0.6385308251827148,0.43348554689733976
22.5025025025025,0.6387267407503523,0.308976068506234
22.54254254254254,0.6105475811665477,0.171088570434304
22.58258258258258,0.5406767986167964,0.022267095142542385
22.62262262262262,0.40451385335367074,-0.12709233084277677
22.66266266266266,0.1529106880423568,-0.22846615412076532
22.7027027027027,-0.17015518979362407,-0.021624882594952696
22.74274274274274,-0.023720600038296367,0.3100977005833578
22.782782782782782,0.21064153452045792,0.40084742203001544
22.822822822822822,0.4023822555831787,0.3948854128604184
22.862862862862862,0.5528978686223193,0.34615207396519254
22.902902902902902,0.669974093997849,0.2757908303566241
22.942942942942942,0.7598439112185523,0.193941820990845
22.982982982982982,0.8270839547855403,0.1061711704331797
23.023023023023022,0.8750715057790677,0.01584579214263423
23.063063063063062,0.9063485826326203,-0.0748340866983826
23.103103103103102,0.9228687261227316,-0.16432982068036314
23.143143143143142,0.9261617008687386,-0.25149377697169717
23.183183183183182,0.9174451790376812,-0.33541301260150147
23.223223223223222,0.897702389044764,-0.41531241484295095
23.263263263263262,0.867737692052587,-0.4904901264799519
23.303303303303302,0.8282177346099662,-0.5602706879905499
23.343343343343342,0.7797032712726011,-0.6239673769190796
23.383383383383382,0.7226753038147333,-0.6808481699602271
23.423423423423422,0.6575584854537356,-0.7301010413034542
23.463463463463462,0.5847446603349026,-0.7707945340048914
23.503503503503502,0.5046200101014302,-0.8018288624385813
23.543543543543542,0.41760091030644614,-0.8218710404301814
23.583583583583582,0.3241871284740126,-0.829264091406659
23.623623623623622,0.22504847792348648,-0.8218939899853249
23.663663663663662,0.12117760923661688,-0.7969858438029588
23.703703703703702,0.014180970744321645,-0.7507770983503018
23.743743743743742,-0.09311692308246322,-0.6779675419450896
23.783783783783782,-0.19527316190119065,-0.5707502048271722
23.823823823823822,-0.28045219943288613,-0.41709098895501756
23.863863863863862,-0.31770577207525136,-0.19863953445672633
23.903903903903903,-0.1993458342471137,0.08810780960652621
23.943943943943943,0.19624727586063845,0.07088513896454075
23.983983983983983,0.2789606197811335,-0.23616584531133167
24.024024024024023,0.20727047697595105,-0.4500111869211403
24.064064064064063,0.09699388052290947,-0.5896042683176194
24.104104104104103,-0.022604440488699463,-0.6793131242008855
24.144144144144143,-0.14145649483281902,-0.733560869718937
24.184184184184183,-0.2554010260277309,-0.761252609394359
24.224224224224223,-0.36252476745794737,-0.7682511097686204
24.264264264264263,-0.4618839938108889,-0.7586323260879907
24.304304304304303,-0.5529822203300759,-0.735359461560087
24.344344344344343,-0.6355318686782264,-0.7006692756079663
24.384384384384383,-0.7093357574387604,-0.65630687516386
24.424424424424423,-0.7742234752910434,-0.6036760966084121
24.464464464464463,-0.8300142362928108,-0.5439407061698764
24.504504504504503,-0.8764927180290154,-0.47809606962307816
24.544544544544543,-0.9133909140154279,-0.4070229745344039
24.584584584584583,-0.9403720285276826,-0.3315311030293593
24.624624624624623,-0.9570137949323072,-0.2523975321178706
24.664664664664663,-0.9627891145537008,-0.1704047877121141
24.704704704704703,-0.9570418980218971,-0.08638316198428694
24.744744744744743,-0.9389555665436213,-0.0012632959653328495
24.784784784784783,-0.9075108034125797,0.08385195298587206
24.824824824824823,-0.861427750393841,0.16758120219711622
24.864864864864863,-0.7990859111298179,0.2480960561813983
24.904904904904903,-0.7184130019083638,0.3228356996378811
24.944944944944943,-0.616735337991189,0.38798719098867723
24.984984984984983,-0.4906044140558168,0.43745367567208526
25.025025025025023,-0.33575060104641063,0.4605652513006335
25.065065065065063,-0.14816422808529103,0.43617607528280233
25.105105105105103,0.06574383635595174,0.31415443898068873
25.145145145145143,0.17364864733137386,-0.02421988285421639
25.185185185185183,-0.1706579231659745,-0.20224176333520927
25.225225225225223,-0.4107654937667876,-0.0631355928167186
25.265265265265263,-0.5234248303159225,0.10844286598521756
25.305305305305303,-0.5685725593572262,0.26846687518644025
25.345345345345343,-0.5735070291340448,0.410350230612609
25.385385385385383,-0.5522850877207812,0.5339221818645223
25.425425425425423,-0.5130626393289117,0.6403249417460812
25.465465465465464,-0.46100724372089946,0.7308644664866932
25.505505505505504,-0.3996217604496532,0.8067229585683937
25.545545545545544,-0.3314152278273222,0.8688981601256612
25.585585585585584,-0.2582733090434198,0.918206355394827
25.625625625625624,-0.18167775869646344,0.9553014763943901
25.665665665665667,-0.10284477391748555,0.9806956674311016
25.705705705705707,-0.022817651709638224,0.9947769856708529
25.745745745745747,0.05746692485373538,0.9978232813741038
25.785785785785787,0.13712760751952036,0.9900123747117882
25.825825825825827,0.2152947514476338,0.9714289364651238
25.865865865865867,0.2910689682269844,0.9420685285048387
25.905905905905907,0.3634769572341723,0.9018392828547035
25.945945945945947,0.4314191619458317,0.8505618307491095
25.985985985985987,0.49360193662113366,0.7879685094921121
26.026026026026027,0.5484430186243558,0.7137039415335781
26.066066066066067,0.5939314751893285,0.6273316852267151
26.106106106106107,0.6274080947025775,0.5283581027676291
26.146146146146148,0.6452002320431377,0.4163014934982357
26.186186186186188,0.641973102548362,0.2908825503612667
26.226226226226228,0.6094818082278244,0.1525658559313088
26.266266266266268,0.5339239921891591,0.004262727910809424
26.306306306306308,0.3896934193304946,-0.1421883015981474
26.346346346346348,0.12634356126338608,-0.2314582545675408
26.386386386386388,-0.17530481352452992,0.012454049330706686
26.426426426426428,-0.0023092691254707745,0.32184343154780665
26.466466466466468,0.23096170005075053,0.39937982405127875
26.506506506506508,0.41946427950848203,0.3866894525416312
26.546546546546548,0.5667095899940574,0.33389632717651047
26.586586586586588,0.6807168619385231,0.2608787343274908
26.626626626626628,0.7677285216573312,0.17724307702367276
26.666666666666668,0.8322993662414212,0.08828738241224844
26.706706706706708,0.877784635641075,-0.002773174451464243
26.746746746746748,0.906708990504032,-0.09383177234834778
26.786786786786788,0.9210132698229677,-0.1834108138920887
26.826826826826828,0.9222183834869615,-0.27040426996175054
26.866866866866868,0.9115362576705991,-0.3539283109563192
26.906906906906908,0.8899469583867575,-0.4332284205432621
26.946946946946948,0.8582539484843356,-0.5076171864266846
26.986986986986988,0.8171251001751301,-0.5764288771225141
27.027027027027028,0.7671245425621717,-0.6389826340160738
27.067067067067068,0.7087389977829316,-0.6945488866652665
27.107107107107108,0.6424015885382995,-0.742314793187667
27.147147147147148,0.5685160618338193,-0.7813446659027029
27.187187187187188,0.4874850410967842,-0.8105306089341903
27.227227227227228,0.3997476695830319,-0.8285267651518616
27.26726726726727,0.3058357738620196,-0.8336570329346381
27.30730730730731,0.20646564960472708,-0.8237795387209949
27.34734734734735,0.10270030351926254,-0.7960786994496342
27.38738738738739,-0.003740810726239101,-0.7467314301934809
27.42742742742743,-0.10983616963133365,-0.67034521429618
27.46746746746747,-0.20975745826756798,-0.5589705671104542
27.50750750750751,-0.29077643687643867,-0.40037542213201666
27.54754754754755,-0.3192645106983142,-0.17628759684209822
27.58758758758759,-0.17706305099379155,0.10890686862825882
27.62762762762763,0.21386340340028323,0.046093478342354395
27.66766766766767,0.27304305940017004,-0.2577481155569456
27.70770770770771,0.19388480612082576,-0.4643765529512338
27.74774774774775,0.08049588439167032,-0.5983304981280867
27.78778778778779,-0.0404842400268257,-0.6835340286712821
27.82782782782783,-0.1598204655770422,-0.7340443438285211
27.86786786786787,-0.2737005644063038,-0.7585528066379549
27.90790790790791,-0.3803860828518736,-0.7627938674278668
27.94794794794795,-0.4790321713758301,-0.7507624418261611
27.98798798798799,-0.5692033571626223,-0.7253683294225775
28.02802802802803,-0.6506522088733,-0.6888120587477129
28.06806806806807,-0.7232092652331396,-0.6428138286658224
28.10810810810811,-0.7867239542630198,-0.5887604835077389
28.14814814814815,-0.8410300607500875,-0.527804680500754
28.18818818818819,-0.8859231438873182,-0.46093535228006943
28.22822822822823,-0.9211433836119848,-0.38903086048758634
28.26826826826827,-0.9463601190772388,-0.31290219364385397
28.30830830830831,-0.9611555921599164,-0.23333152783601052
28.34834834834835,-0.9650058707068759,-0.1511106853778939
28.38838838838839,-0.9572568846505406,-0.0670842806459641
28.42842842842843,-0.9370930755513314,0.017796269239080544
28.46846846846847,-0.9034953040381032,0.10239850693099099
28.50850850850851,-0.8551833183375137,0.18529864241548186
28.54854854854855,-0.7905363075913471,0.2646061356047742
28.58858858858859,-0.7074835037026665,0.33766552962053753
28.62862862862863,-0.6033596454936374,0.40051138462500985
28.66866866866867,-0.4747477254450783,0.44678078729618403
28.70870870870871,-0.31749235244246893,0.4652844476927579
28.74874874874875,-0.1280609786665536,0.4336859690295789
28.78878878878879,0.08431018422178231,0.29853500594305393
28.82882882882883,0.16178209602471083,-0.05627777079780147
28.86886886886887,-0.19583132887969135,-0.19410299470342274
28.90890890890891,-0.4222190489098623,-0.04554647032939475
28.94894894894895,-0.5264767959948392,0.12731356956115242
28.98898898898899,-0.5659844772873514,0.2867544576452552
29.02902902902903,-0.5667945043733073,0.42739390339309774
29.06906906906907,-0.5424047281254425,0.5494223271184948
29.10910910910911,-0.5006841445677962,0.6541243374385556
29.14914914914915,-0.4466363849906793,0.7428732076088598
29.18918918918919,-0.38366303949786834,0.8168874989533831
29.22922922922923,-0.31420700304728094,0.8771867917621741
29.26926926926927,-0.2401090790805248,0.9246017389888168
29.30930930930931,-0.16281994898970334,0.959796549780292
29.34934934934935,-0.08353422974362099,0.9832913332223859
29.38938938938939,-0.00328058538017377,0.9954808249033221
29.42942942942943,0.07701350750015543,0.9966489214192852
29.46946946946947,0.15647135233125936,0.9869793324744589
29.50950950950951,0.23422381196244768,0.9665628651918822
29.54954954954955,0.30936788946891053,0.935401874163925
29.58958958958959,0.3809222193410362,0.8934124289013726
29.62962962962963,0.44777393828495066,0.8404249050114136
29.66966966966967,0.5086094473549307,0.776184181625024
29.70970970970971,0.5618175336814858,0.7003518082250054
29.74974974974975,0.6053453465976815,0.6125154006628827
29.78978978978979,0.636471900553099,0.51221760389933
29.82982982982983,0.6514303232891607,0.399035537431027
29.86986986986987,0.6447344739072546,0.27279443941005055
29.90990990990991,0.6078783350829239,0.13416907079378984
29.94994994994995,0.526565397336522,-0.013425897513170191
29.98998998998999,0.37417240920225,-0.15657446823193483
30.03003003003003,0.09930077110443992,-0.23232261636440218
30.07007007007007,-0.17567016908911023,0.04591136061958829
30.11011011011011,0.019190812124637364,0.33184872243777597
30.15015015015015,0.25086263487203836,0.39700280786559194
30.19019019019019,0.4360551137252225,0.3779297498268682
30.23023023023023,0.5800195309410991,0.32126436756865906
30.27027027027027,0.6909615386937636,0.24571296119209177
30.31031031031031,0.7751236155584865,0.16038082543018936
30.35035035035035,0.8370363618539863,0.07031182730491273
30.39039039039039,0.8800323422596817,-0.0214237457461711
30.43043043043043,0.9066187227202911,-0.11280875485581925
30.47047047047047,0.9187236622273499,-0.20242447187149826
30.51051051051051,0.9178592940198751,-0.28920512689935673
30.55055055055055,0.9052319014235747,-0.37229514242370243
30.59059059059059,0.8818185089183019,-0.4509600353716749
30.63063063063063,0.8484218213994266,-0.5245264703155281
30.67067067067067,0.8057111023433708,-0.5923382108658745
30.71071071071071,0.7542540551559435,-0.6537201292649394
30.75075075075075,0.6945433686073319,-0.7079450552796493
30.79079079079079,0.6270209453339163,-0.7541993486603026
30.83083083083083,0.5521028357860286,-0.7915431770572636
30.87087087087087,0.47020863590132306,-0.8188606940610093
30.91091091091091,0.3818009822727791,-0.8347934187295403
30.95095095095095,0.2874447909359116,-0.8376464850945172
30.99099099099099,0.1879043811338254,-0.8252506916038439
31.03103103103103,0.08431556578785004,-0.7947505340404554
31.07107107107107,-0.021484953426379336,-0.7422636090354697
31.11111111111111,-0.1262704174120271,-0.6623072698743636
31.15115115115115,-0.2238084426827359,-0.5467945498216735
31.19119119119119,-0.300425076946836,-0.3833135192937452
31.23123123123123,-0.3196048682566073,-0.15379646471486563
31.27127127127127,-0.15228296672939018,0.12743163062590615
31.31131131131131,0.22826003586250268,0.02063660882224955
31.35135135135135,0.26607784207134283,-0.2784801759447328
31.39139139139139,0.18007458238561488,-0.47797624404504224
31.43143143143143,0.06382429047275325,-0.6063902562739064
31.47147147147147,-0.058399621829884285,-0.6871626225587234
31.51151151151151,-0.17812914384763373,-0.7339934524549915
31.55155155155155,-0.2918781386085758,-0.755367096121416
31.59159159159159,-0.39807312725927924,-0.7568936156747634
31.63163163163163,-0.49596328146938795,-0.7424891995707004
31.67167167167167,-0.585171498034397,-0.7150116655748694
31.71171171171171,-0.6654889522671326,-0.6766262293294216
31.75175175175175,-0.7367729647846665,-0.6290288047665736
31.79179179179179,-0.7988922204646048,-0.5735896904204362
31.83183183183183,-0.8516947190015076,-0.5114507735483809
31.87187187187187,-0.8949867011740145,-0.4435948295162995
31.91191191191191,-0.9285164504377887,-0.3708980363778293
31.95195195195195,-0.9519594551424954,-0.29417292054944916
31.99199199199199,-0.9649025704690048,-0.21420699756801295
32.032032032032035,-0.9668252300346539,-0.13180165605520006
32.072072072072075,-0.9570756920560548,-0.047816157900448644
32.112112112112115,-0.9348398674603285,0.03677688507820374
32.152152152152155,-0.8990994360037622,0.12081484674834377
32.192192192192195,-0.8485746832345206,0.20283070346763313
32.232232232232235,-0.781645879120339,0.2808704966104691
32.272272272272275,-0.6962459932101165,0.35218200128102223
32.312312312312315,-0.5897220649148628,0.4126433918756786
32.352352352352355,-0.45869637696996507,0.4556177087945778
32.392392392392395,-0.29914732053980736,0.46937717541095686
32.432432432432435,-0.10808937749119242,0.4303397952739725
32.472472472472475,0.10196822636166007,0.2815833459747013
32.512512512512515,0.14549534227785196,-0.08628292477903607
32.552552552552555,-0.21950101415600412,-0.18436334956667716
32.592592592592595,-0.4325921109453945,-0.027727043014120666
32.632632632632635,-0.528750579699044,0.14609882050205725
32.672672672672675,-0.5627911224587427,0.30483042751168
32.712712712712715,-0.5595916323441333,0.4441577284930174
32.752752752752755,-0.5321198671714067,0.5645991535073798
32.792792792792795,-0.4879707585994547,0.6675702248557359
32.832832832832835,-0.43199042006803207,0.75450665764008
32.872872872872875,-0.36748268495988706,0.8266609960731499
32.912912912912915,-0.29682637352563185,0.8850733875697087
32.952952952952955,-0.22181872018327714,0.9305881339814215
32.992992992992995,-0.14388017522133043,0.9638793076840012
33.033033033033036,-0.06418434697299988,0.9854747550820677
33.073073073073076,0.01625433217586981,0.9957757885814008
33.113113113113116,0.09651730412802047,0.9950723461273113
33.153153153153156,0.17573231027195615,0.9835541043584172
33.193193193193196,0.2530305547906159,0.961318164676809
33.233233233233236,0.3275053019049395,0.9283739200722968
33.273273273273276,0.3981670088850003,0.8846457289783861
33.313313313313316,0.46388939706960586,0.8299742008947079
33.353353353353356,0.523338799835189,0.7641174330916448
33.393393393393396,0.5748748986312298,0.6867548621519997
33.433433433433436,0.6164026909683029,0.597499568962073
33.473473473473476,0.6451390106540307,0.49593265471233017
33.513513513513516,0.6572219766917591,0.3816936712652232
33.553553553553556,0.6470124878109664,0.2547190514147258
33.593593593593596,0.6057398589715232,0.11590799986717847
33.633633633633636,0.5186054851708028,-0.030783067645486866
33.673673673673676,0.35796185215940646,-0.17021361142963662
33.713713713713716,0.07192822427228371,-0.23090198219505728
33.753753753753756,-0.17178149751711197,0.07804944589943927
33.793793793793796,0.04068856713711415,0.3402387260429083
33.833833833833836,0.27033979744378667,0.3937694198561843
33.873873873873876,0.4521601741381358,0.3686344196447291
33.913913913913916,0.5928344586298963,0.3082740168509663
33.953953953953956,0.7007147627593664,0.23030622715959886
33.993993993993996,0.7820354779139318,0.14336493206604567
34.034034034034036,0.8413009304313117,0.052252645386735304
34.074074074074076,0.8818204393097913,-0.04009889538141033
34.114114114114116,0.9060835451144897,-0.13175877230760982
34.154154154154156,0.9160057398012852,-0.22136509558619547
34.194194194194196,0.9130904460124858,-0.30789109982345203
34.234234234234236,0.8985383958538881,-0.3905086576671428
34.274274274274276,0.873323683231838,-0.46850279795695554
34.314314314314316,0.8382483869420317,-0.5412139258660245
34.354354354354356,0.7939833200844181,-0.6079950940057071
34.394394394394396,0.7410999538594184,-0.6681767973133589
34.434434434434436,0.6800971843979259,-0.7210342377641911
34.474474474474476,0.6114259994653941,-0.7657530214297784
34.51451451451452,0.5355151481834319,-0.8013892889500448
34.55455455455456,0.45280172377555955,-0.8268194423061311
34.5945945945946,0.36377257467824864,-0.8406726750424508
34.63463463463464,0.26902672868173083,-0.8412357874409385
34.67467467467468,0.16937805691302005,-0.8263128708995626
34.71471471471472,0.06603761727636599,-0.7930094229856263
34.75475475475476,-0.039036406738749044,-0.7373851846942009
34.7947947947948,-0.14240375873683178,-0.6538700149335405
34.83483483483484,-0.23740904915897876,-0.5342455186907664
34.87487487487488,-0.3093779386958504,-0.3659413212548397
34.91491491491492,-0.31869118373300215,-0.13124357776930615
34.95495495495496,-0.12520798028644986,0.143192232398328
34.994994994995,0.23968826924009434,-0.005062116739375386
35.03503503503504,0.2581653927007463,-0.29834861524012124
35.07507507507508,0.16588508442094282,-0.49081402886187336
35.11511511511512,0.04700799088012698,-0.6137890178715579
35.15515515515516,-0.07632885707195225,-0.6902051043175563
35.1951951951952,-0.19636483538466062,-0.7334151045366405
35.23523523523524,-0.30991875238619065,-0.751703136141865
35.27527527527528,-0.41557294437914605,-0.7505587819111762
35.31531531531532,-0.5126660575561793,-0.733821800655977
35.35535535535536,-0.6008768767426245,-0.7042994419124502
35.3953953953954,-0.6800337379588068,-0.6641225216805133
35.43543543543544,-0.7500198670003618,-0.6149632886372297
35.47547547547548,-0.8107226676899305,-0.5581759380285197
35.51551551551552,-0.8620040342255966,-0.4948919215908987
35.55555555555556,-0.9036807202129491,-0.42608812694529624
35.5955955955956,-0.9355090595688149,-0.3526387824475306
35.63563563563564,-0.9571707351233569,-0.2753581722558321
35.67567567567568,-0.9682573543597628,-0.1950393757686759
35.71571571571572,-0.9682519556073955,-0.11249359623315783
35.75575575575576,-0.9565054824836648,-0.028595037809572864
35.7957957957958,-0.9322058245333577,0.05566211873279919
35.83583583583584,-0.8943362019849478,0.13908456958255438
35.87587587587588,-0.8416184749793951,0.220161325111087
35.91591591591592,-0.7724355410994026,0.2968738748575772
35.95595595595596,-0.6847265551987783,0.3663713247401223
35.995995995996,-0.5758550989147537,0.42437195212609946
36.03603603603604,-0.44249121174819933,0.4639574216406133
36.07607607607608,-0.2807682170411908,0.47284358684751043
36.11611611611612,-0.0883237967331975,0.42615037626829433
36.15615615615616,0.11855776590160434,0.263354567137038
36.1961961961962,0.12529109232858557,-0.11336113401647974
36.23623623623624,-0.24162578194960863,-0.17328289032383626
36.27627627627628,-0.44189970089061587,-0.009760535036419412
36.31631631631632,-0.5302601223161437,0.16474901879844217
36.35635635635636,-0.5590068651882236,0.32265830112720295
36.3963963963964,-0.5519136621795926,0.46061291620970707
36.43643643643644,-0.5214465351923386,0.5794293544686445
36.47647647647648,-0.474939077454216,0.6806436082010507
36.51651651651652,-0.41708629742571174,0.7657494048590695
36.55655655655656,-0.3510978110499424,0.8360311277302193
36.5965965965966,-0.2792904613991472,0.8925483575647167
36.63663663663664,-0.20341922642156315,0.9361584152494598
36.67667667667668,-0.12487518501063183,0.9675448841614153
36.71671671671672,-0.044811519159245465,0.9872431663082794
36.75675675675676,0.035771164843179465,0.9956610854307676
36.7967967967968,0.11596293637129228,0.9930946435896706
36.83683683683684,0.1948957628205825,0.9797395848329893
36.87687687687688,0.27170103458381456,0.955699482161802
36.91691691691692,0.3454681561785849,0.9209910300935371
36.95695695695696,0.41519931246857905,0.8755472434839064
36.996996996997,0.4797547289395523,0.8192194699536424
37.03703703703704,0.5377805851130237,0.7517797265153751
37.07707707707708,0.587607354427086,0.6729263238712967
37.11711711711712,0.6270977172658655,0.5822992535355289
37.15715715715716,0.6534060273446947,0.4795202979385594
37.1971971971972,0.6625747975706718,0.36429513115490997
37.23723723723724,0.6488106575377232,0.23667822064924265
37.27727727727728,0.6030752729149534,0.0978079794383745
37.31731731731732,0.5100613794833195,-0.04777716258808968
37.35735735735736,0.3410969696071361,-0.18305413590598954
37.3973973973974,0.044446107341923696,-0.2270441770682047
37.43743743743744,-0.1642541593537201,0.10834024837389145
37.47747747747748,0.06208330033848947,0.34711457014277614
37.51751751751752,0.28936740760836616,0.3897280625450153
37.55755755755756,0.4677670025335161,0.3588345632061953
37.5975975975976,0.605146962729522,0.29494925404434263
37.63763763763764,0.7099720273031267,0.21467876364468655
37.67767767767768,0.7884616511346734,0.12621325705336658
37.71771771771772,0.8450922120073795,0.03412597596449176
37.75775775775776,0.8831493777634856,-0.058783863556103155
37.7977977977978,0.9051050151573238,-0.15066825220291896
37.83783783783784,0.9128620087338652,-0.24022018650628227
37.87787787787788,0.9079151658146846,-0.32645069595975507
37.91791791791792,0.8914597783438711,-0.4085583283983498
37.95795795795796,0.8644671338534302,-0.48584712110897055
37.997997997998,0.8277388262716058,-0.5576708960408013
38.03803803803804,0.7819473834054663,-0.6233917973384565
38.07807807807808,0.7276682424963149,-0.6823458411545159
38.11811811811812,0.6654067510773614,-0.7338105796602723
38.15815815815816,0.5956232896615129,-0.776970915478974
38.1981981981982,0.5187597033009449,-0.8108790857835841
38.23823823823824,0.43527110963313487,-0.8344039469150675
38.27827827827828,0.3456692913234616,-0.84616267466737
38.31831831831832,0.2505884181657839,-0.8444241800482912
38.35835835835836,0.1508934592205402,-0.8269664917140409
38.3983983983984,0.047873192567972955,-0.7908570732838752
38.43843843843844,-0.05638838655123168,-0.732099358790025
38.47847847847848,-0.15822901294808678,-0.6450385524988301
38.51851851851852,-0.2505505698329608,-0.5213315115204158
38.55855855855856,-0.31762055386892013,-0.34827370070274255
38.5985985985986,-0.3164836479901788,-0.10868052772125547
38.63863863863864,-0.09611924312402714,0.15572061530458187
38.67867867867868,0.24842726756422404,-0.030713771796056076
38.71871871871872,0.24939247617893043,-0.3173705613705389
38.75875875875876,0.1513493455021039,-0.5029108419946399
38.7987987987988,0.03006411527049589,-0.6205431118470198
38.83883883883884,-0.09426130335346282,-0.6926743989072804
38.87887887887888,-0.2145201300406304,-0.7323199218039036
38.91891891891892,-0.3278168398678188,-0.7475699355642822
38.95895895895896,-0.4328811319107472,-0.7437971872490947
38.998998998999,-0.5291368911638422,-0.7247671442831706
39.03903903903904,-0.6163164599776941,-0.6932378037982689
39.07907907907908,-0.6942839675807363,-0.6513064330569573
39.11911911911912,-0.7629477101906951,-0.6006221940193938
39.15915915915916,-0.8222132949495801,-0.5425235932217597
39.1991991991992,-0.8719562008630983,-0.4781319620792209
39.23923923923924,-0.9120035289789655,-0.408418556786115
39.27927927927928,-0.9421196089796924,-0.3342558811089837
39.31931931931932,-0.9619923578825407,-0.2564601918336388
39.35935935935936,-0.971218265447891,-0.1758303552535651
39.3993993993994,-0.9692842014122919,-0.09318764006209315
39.43943943943944,-0.95554413633904,-0.009421495761719611
39.47947947947948,-0.9291884286424982,0.07445193845577107
39.51951951951952,-0.8892025375115933,0.15720814633743097
39.55955955955956,-0.8343109106644132,0.23729139319690848
39.5995995995996,-0.7629005973913576,0.3126174037963303
39.63963963963964,-0.672919380129561,0.38023456905478087
39.67967967967968,-0.5617516859036715,0.43569747581798324
39.71971971971972,-0.4261240898183564,0.47179847700277155
39.75975975975976,-0.26234739941774676,0.47567767327127264
39.7997997997998,-0.0687666495567081,0.42110024672512536
39.83983983983984,0.13398007340430648,0.24382317429948488
39.87987987987988,0.10179317823648905,-0.13695563411609377
39.91991991991992,-0.26229118064679763,-0.16104962105460738
39.95995995995996,-0.4502077401972585,0.008335017381696709
40.0,-0.5310427777778589,0.18327161279999113
